日期,业务组,注册人数,实名认证人数,戳额人数,给额人数,成交人数,平均芝麻分
2020年8月1日,西部战区-重庆-重庆一组,"1,387","1,375","1,327",836,439,688
2020年8月1日,西部战区-西安-西安一组,"3,717","3,652","3,534","2,135","1,196",691
2020年8月1日,西部战区-武汉-武汉一组,"2,052","1,990","1,900","1,211",553,700
2020年8月1日,西部战区-成都-成都一组,"2,179","2,129","2,053","1,330",782,692
2020年8月1日,西部战区-成都-成都二组,672,662,643,443,209,692
2020年8月1日,南部战区-深圳-深圳一组,"3,120","3,018","2,877","1,701",900,689
2020年8月1日,南部战区-广州-广州一组,"4,721","4,611","4,412","2,726","1,527",688
2020年8月1日,南部战区-广州-广州三组,"3,526","3,433","3,267","1,946","1,101",688
2020年8月1日,南部战区-广州-广州二组,"3,815","3,753","3,594","2,217","1,296",690
2020年8月1日,东部战区-苏州-苏州一组,"4,758","4,593","4,398","2,673","1,352",693
2020年8月1日,东部战区-苏州-苏州三组,361,355,325,193,116,691
2020年8月1日,东部战区-苏州-苏州二组,"4,992","4,821","4,607","2,650","1,438",695
2020年8月1日,东部战区-上海-上海一组,"4,806","4,669","4,511","2,737","1,527",693
2020年8月1日,东部战区-上海-上海三组,"2,925","2,858","2,747","1,612",968,696
2020年8月1日,东部战区-上海-上海二组,"3,438","3,382","3,243","1,962","1,044",690
2020年8月1日,东部战区-南京-南京一组,"2,758","2,709","2,630","1,526",882,696
2020年8月1日,东部战区-南京-南京四组,"1,701","1,648","1,570",867,479,695
2020年8月1日,东部战区-南京-南京三组,"2,373","2,334","2,249","1,350",694,697
2020年8月1日,东部战区-南京-南京二组,"1,815","1,759","1,685","1,060",545,699
2020年8月1日,东部战区-合肥-合肥一组,"2,825","2,758","2,637","1,669",863,698
2020年8月1日,东部战区-合肥-合肥二组,"1,469","1,443","1,373",873,443,696
2020年8月1日,东部战区-杭州-杭州一组,"3,695","3,550","3,370","1,994",991,699
2020年8月1日,东部战区-杭州-杭州三组,"1,773","1,738","1,690","1,017",614,701
2020年8月1日,东部战区-杭州-杭州二组,"3,505","3,436","3,331","1,921","1,081",694
2020年8月1日,北部战区-天津-天津一组,"1,713","1,696","1,645",884,576,684
2020年8月1日,北部战区-北京-北京一组,132,126,117,64,33,689
2020年8月1日,北部战区-北京-北京四组,"1,721","1,698","1,663","1,003",582,688
2020年8月1日,北部战区-北京-北京三组,"2,441","2,383","2,285","1,466",758,689
2020年8月2日,西部战区-重庆-重庆一组,"1,387","1,375","1,327",836,439,688
2020年8月2日,西部战区-西安-西安一组,"3,016","2,962","2,862","1,722",974,692
2020年8月2日,西部战区-武汉-武汉一组,"1,967","1,918","1,846","1,113",582,697
2020年8月2日,西部战区-成都-成都一组,"1,690","1,665","1,617","1,046",613,689
2020年8月2日,西部战区-成都-成都二组,672,662,643,443,209,692
2020年8月2日,南部战区-深圳-深圳一组,"3,120","3,018","2,877","1,701",900,689
2020年8月2日,南部战区-广州-广州一组,"5,546","5,423","5,189","3,213","1,845",688
2020年8月2日,南部战区-广州-广州三组,"3,678","3,584","3,410","2,031","1,145",688
2020年8月2日,南部战区-广州-广州二组,"3,082","3,035","2,913","1,766","1,032",689
2020年8月2日,东部战区-苏州-苏州一组,"5,918","5,701","5,429","3,309","1,714",694
2020年8月2日,东部战区-苏州-苏州三组,361,355,325,193,116,691
2020年8月2日,东部战区-苏州-苏州二组,"4,955","4,724","4,490","2,640","1,457",696
2020年8月2日,东部战区-上海-上海一组,"4,503","4,374","4,234","2,605","1,491",694
2020年8月2日,东部战区-上海-上海三组,"1,939","1,888","1,817","1,127",722,699
2020年8月2日,东部战区-上海-上海二组,"3,473","3,417","3,275","1,979","1,047",690
2020年8月2日,东部战区-南京-南京一组,"2,043","2,008","1,945","1,115",633,695
2020年8月2日,东部战区-南京-南京四组,998,974,935,513,295,694
2020年8月2日,东部战区-南京-南京三组,"1,421","1,387","1,330",830,383,697
2020年8月2日,东部战区-南京-南京二组,482,475,453,298,141,695
2020年8月2日,东部战区-合肥-合肥一组,"5,249","5,123","4,884","3,073","1,440",697
2020年8月2日,东部战区-合肥-合肥二组,"1,476","1,448","1,379",872,445,696
2020年8月2日,东部战区-杭州-杭州一组,"4,999","4,808","4,560","2,806","1,400",702
2020年8月2日,东部战区-杭州-杭州三组,"1,773","1,738","1,690","1,017",614,701
2020年8月2日,东部战区-杭州-杭州二组,"4,690","4,577","4,431","2,485","1,443",694
2020年8月2日,北部战区-天津-天津一组,"1,674","1,659","1,612",862,550,684
2020年8月2日,北部战区-北京-北京一组,95,91,85,45,25,686
2020年8月2日,北部战区-北京-北京四组,"1,721","1,698","1,663","1,003",582,688
2020年8月2日,北部战区-北京-北京三组,"3,206","3,143","3,012","1,877",962,689
2020年8月3日,西部战区-重庆-重庆一组,"1,387","1,375","1,327",836,439,688
2020年8月3日,西部战区-西安-西安一组,"2,311","2,270","2,211","1,329",788,692
2020年8月3日,西部战区-武汉-武汉一组,"1,378","1,349","1,304",773,450,695
2020年8月3日,西部战区-成都-成都一组,"2,990","2,919","2,820","1,821","1,015",691
2020年8月3日,西部战区-成都-成都二组,672,662,643,443,209,692
2020年8月3日,南部战区-深圳-深圳一组,"3,120","3,018","2,877","1,701",900,689
2020年8月3日,南部战区-广州-广州一组,"5,614","5,491","5,254","3,240","1,861",687
2020年8月3日,南部战区-广州-广州三组,"3,506","3,412","3,242","1,934","1,090",688
2020年8月3日,南部战区-广州-广州二组,"3,815","3,753","3,594","2,217","1,296",690
2020年8月3日,东部战区-苏州-苏州一组,"4,671","4,540","4,352","2,591","1,313",694
2020年8月3日,东部战区-苏州-苏州三组,51,49,43,31,9,698
2020年8月3日,东部战区-苏州-苏州二组,"5,895","5,654","5,383","3,150","1,736",696
2020年8月3日,东部战区-上海-上海一组,"5,415","5,253","5,063","3,076","1,711",694
2020年8月3日,东部战区-上海-上海三组,"2,199","2,160","2,085","1,198",730,693
2020年8月3日,东部战区-上海-上海二组,"2,215","2,183","2,092","1,238",672,691
2020年8月3日,东部战区-南京-南京一组,"3,110","3,054","2,947","1,708",955,697
2020年8月3日,东部战区-南京-南京四组,"2,105","2,042","1,946","1,120",651,696
2020年8月3日,东部战区-南京-南京三组,"1,448","1,428","1,383",818,446,698
2020年8月3日,东部战区-南京-南京二组,"1,211","1,179","1,125",697,370,693
2020年8月3日,东部战区-合肥-合肥一组,"3,905","3,806","3,617","2,215","1,131",695
2020年8月3日,东部战区-合肥-合肥二组,767,752,730,456,248,695
2020年8月3日,东部战区-杭州-杭州一组,"4,079","3,919","3,727","2,271","1,169",701
2020年8月3日,东部战区-杭州-杭州三组,"1,773","1,738","1,690","1,017",614,701
2020年8月3日,东部战区-杭州-杭州二组,"3,678","3,607","3,486","1,935","1,107",692
2020年8月3日,北部战区-天津-天津一组,"1,289","1,277","1,240",697,467,686
2020年8月3日,北部战区-北京-北京一组,95,91,85,45,25,686
2020年8月3日,北部战区-北京-北京四组,"1,721","1,698","1,663","1,003",582,688
2020年8月3日,北部战区-北京-北京三组,510,499,480,303,179,685
2020年8月4日,西部战区-重庆-重庆一组,"1,387","1,375","1,327",836,439,688
2020年8月4日,西部战区-西安-西安一组,"3,016","2,962","2,862","1,722",974,692
2020年8月4日,西部战区-武汉-武汉一组,"2,650","2,593","2,493","1,521",781,698
2020年8月4日,西部战区-成都-成都一组,"2,179","2,129","2,053","1,330",782,692
2020年8月4日,西部战区-成都-成都二组,672,662,643,443,209,692
2020年8月4日,南部战区-深圳-深圳一组,"3,120","3,018","2,877","1,701",900,689
2020年8月4日,南部战区-广州-广州一组,"4,228","4,116","3,936","2,504","1,441",688
2020年8月4日,南部战区-广州-广州三组,"2,330","2,272","2,170","1,284",740,686
2020年8月4日,南部战区-广州-广州二组,"3,815","3,753","3,594","2,217","1,296",690
2020年8月4日,东部战区-苏州-苏州一组,"3,863","3,728","3,560","2,147","1,073",694
2020年8月4日,东部战区-苏州-苏州三组,215,212,193,108,56,689
2020年8月4日,东部战区-苏州-苏州二组,"5,148","4,982","4,744","2,745","1,531",695
2020年8月4日,东部战区-上海-上海一组,"4,753","4,636","4,471","2,754","1,532",695
2020年8月4日,东部战区-上海-上海三组,"2,925","2,858","2,747","1,612",968,696
2020年8月4日,东部战区-上海-上海二组,"2,848","2,808","2,692","1,578",861,690
2020年8月4日,东部战区-南京-南京一组,"1,818","1,785","1,728","1,015",588,697
2020年8月4日,东部战区-南京-南京四组,"1,107","1,068","1,011",607,356,699
2020年8月4日,东部战区-南京-南京三组,"2,157","2,115","2,033","1,261",631,698
2020年8月4日,东部战区-南京-南京二组,819,789,755,486,237,705
2020年8月4日,东部战区-合肥-合肥一组,"3,202","3,131","2,989","1,894",978,698
2020年8月4日,东部战区-合肥-合肥二组,831,818,766,494,234,697
2020年8月4日,东部战区-杭州-杭州一组,"4,955","4,765","4,525","2,708","1,266",699
2020年8月4日,东部战区-杭州-杭州三组,"1,773","1,738","1,690","1,017",614,701
2020年8月4日,东部战区-杭州-杭州二组,"4,233","4,139","4,008","2,209","1,288",694
2020年8月4日,北部战区-天津-天津一组,"1,003",991,957,520,320,684
2020年8月4日,北部战区-北京-北京一组,21,19,18,10,3,674
2020年8月4日,北部战区-北京-北京四组,"1,721","1,698","1,663","1,003",582,688
2020年8月4日,北部战区-北京-北京三组,"2,102","2,064","1,989","1,201",648,689
2020年8月5日,西部战区-重庆-重庆一组,"2,583","2,540","2,470","1,542",855,690
2020年8月5日,西部战区-西安-西安一组,"2,475","2,426","2,349","1,384",764,690
2020年8月5日,西部战区-武汉-武汉一组,"2,331","2,252","2,152","1,348",647,698
2020年8月5日,西部战区-成都-成都一组,"2,743","2,676","2,581","1,655",928,691
2020年8月5日,西部战区-成都-成都二组,672,662,643,443,209,692
2020年8月5日,南部战区-深圳-深圳一组,"3,120","3,018","2,877","1,701",900,689
2020年8月5日,南部战区-广州-广州一组,"5,773","5,645","5,403","3,333","1,919",687
2020年8月5日,南部战区-广州-广州三组,"3,726","3,624","3,439","2,050","1,152",688
2020年8月5日,南部战区-广州-广州二组,"3,815","3,753","3,594","2,217","1,296",690
2020年8月5日,东部战区-苏州-苏州一组,"5,896","5,710","5,439","3,266","1,694",694
2020年8月5日,东部战区-苏州-苏州三组,349,341,306,180,83,689
2020年8月5日,东部战区-苏州-苏州二组,"5,414","5,203","4,943","2,883","1,572",695
2020年8月5日,东部战区-上海-上海一组,"6,397","6,206","5,971","3,604","1,997",693
2020年8月5日,东部战区-上海-上海三组,"2,925","2,858","2,747","1,612",968,696
2020年8月5日,东部战区-上海-上海二组,"3,588","3,529","3,379","2,008","1,086",690
2020年8月5日,东部战区-南京-南京一组,"3,393","3,313","3,186","1,854",986,697
2020年8月5日,东部战区-南京-南京四组,"1,701","1,648","1,570",867,479,695
2020年8月5日,东部战区-南京-南京三组,"2,373","2,334","2,249","1,350",694,697
2020年8月5日,东部战区-南京-南京二组,"1,815","1,759","1,685","1,060",545,699
2020年8月5日,东部战区-合肥-合肥一组,"4,237","4,137","3,934","2,424","1,214",696
2020年8月5日,东部战区-合肥-合肥二组,"1,343","1,314","1,242",776,379,696
2020年8月5日,东部战区-杭州-杭州一组,"5,749","5,534","5,260","3,208","1,527",701
2020年8月5日,东部战区-杭州-杭州三组,"1,773","1,738","1,690","1,017",614,701
2020年8月5日,东部战区-杭州-杭州二组,"4,111","4,017","3,889","2,149","1,256",694
2020年8月5日,北部战区-天津-天津一组,"1,828","1,811","1,755",963,614,686
2020年8月5日,北部战区-北京-北京四组,"1,721","1,698","1,663","1,003",582,688
2020年8月5日,北部战区-北京-北京三组,"2,845","2,791","2,676","1,660",866,690
2020年8月5日,北部战区-北京-北京二组,10,10,10,7,5,685
2020年8月6日,西部战区-重庆-重庆一组,"2,583","2,540","2,470","1,542",855,690
2020年8月6日,西部战区-西安-西安一组,"2,358","2,312","2,243","1,319",783,692
2020年8月6日,西部战区-武汉-武汉一组,"2,554","2,499","2,403","1,468",737,698
2020年8月6日,西部战区-成都-成都一组,"2,100","2,047","1,968","1,268",706,690
2020年8月6日,西部战区-成都-成都二组,672,662,643,443,209,692
2020年8月6日,南部战区-深圳-深圳一组,"3,823","3,708","3,535","2,103","1,122",689
2020年8月6日,南部战区-广州-广州一组,"6,321","6,162","5,897","3,709","2,046",688
2020年8月6日,南部战区-广州-广州三组,"3,328","3,241","3,067","1,811",997,688
2020年8月6日,南部战区-广州-广州二组,"3,114","3,063","2,939","1,851","1,069",690
2020年8月6日,东部战区-苏州-苏州一组,"5,050","4,887","4,658","2,805","1,458",694
2020年8月6日,东部战区-苏州-苏州三组,378,369,352,205,128,690
2020年8月6日,东部战区-苏州-苏州二组,"6,799","6,525","6,213","3,589","1,974",696
2020年8月6日,东部战区-上海-上海一组,"6,397","6,206","5,971","3,604","1,997",693
2020年8月6日,东部战区-上海-上海三组,"2,925","2,858","2,747","1,612",968,696
2020年8月6日,东部战区-上海-上海二组,"3,563","3,506","3,361","2,021","1,074",690
2020年8月6日,东部战区-南京-南京一组,"3,124","3,056","2,959","1,702",963,696
2020年8月6日,东部战区-南京-南京四组,"1,701","1,648","1,570",867,479,695
2020年8月6日,东部战区-南京-南京三组,"1,421","1,387","1,330",830,383,697
2020年8月6日,东部战区-南京-南京二组,"1,931","1,870","1,794","1,095",574,695
2020年8月6日,东部战区-合肥-合肥一组,"6,133","5,982","5,692","3,545","1,735",696
2020年8月6日,东部战区-合肥-合肥二组,"1,264","1,245","1,202",741,392,696
2020年8月6日,东部战区-杭州-杭州一组,"4,301","4,142","3,940","2,424","1,198",701
2020年8月6日,东部战区-杭州-杭州三组,"1,012",991,974,639,380,704
2020年8月6日,东部战区-杭州-杭州二组,"5,063","4,946","4,779","2,683","1,538",694
2020年8月6日,北部战区-天津-天津一组,"1,523","1,510","1,465",793,503,685
2020年8月6日,北部战区-北京-北京一组,95,91,85,45,25,686
2020年8月6日,北部战区-北京-北京四组,"1,721","1,698","1,663","1,003",582,688
2020年8月6日,北部战区-北京-北京三组,"2,344","2,306","2,205","1,375",687,689
2020年8月6日,北部战区-北京-北京二组,10,10,10,7,5,685
2020年8月7日,西部战区-重庆-重庆一组,"2,133","2,102","2,043","1,310",719,691
2020年8月7日,西部战区-西安-西安一组,"3,717","3,652","3,534","2,135","1,196",691
2020年8月7日,西部战区-武汉-武汉一组,"1,814","1,766","1,695","1,027",520,697
2020年8月7日,西部战区-成都-成都一组,"2,990","2,919","2,820","1,821","1,015",691
2020年8月7日,西部战区-成都-成都二组,672,662,643,443,209,692
2020年8月7日,南部战区-深圳-深圳一组,"3,823","3,708","3,535","2,103","1,122",689
2020年8月7日,南部战区-广州-广州一组,"5,740","5,615","5,382","3,290","1,830",687
2020年8月7日,南部战区-广州-广州三组,"3,584","3,483","3,304","1,969","1,112",688
2020年8月7日,南部战区-广州-广州二组,"1,470","1,452","1,410",857,550,688
2020年8月7日,东部战区-苏州-苏州一组,"5,407","5,224","4,994","3,015","1,519",694
2020年8月7日,东部战区-苏州-苏州三组,361,355,325,193,116,691
2020年8月7日,东部战区-苏州-苏州二组,"6,577","6,317","6,008","3,472","1,875",696
2020年8月7日,东部战区-上海-上海一组,"6,397","6,206","5,971","3,604","1,997",693
2020年8月7日,东部战区-上海-上海三组,"2,199","2,160","2,085","1,198",730,693
2020年8月7日,东部战区-上海-上海二组,"3,435","3,380","3,240","1,944","1,048",690
2020年8月7日,东部战区-南京-南京一组,"3,966","3,880","3,735","2,154","1,190",697
2020年8月7日,东部战区-南京-南京四组,998,974,935,513,295,694
2020年8月7日,东部战区-南京-南京三组,"2,869","2,815","2,713","1,648",829,698
2020年8月7日,东部战区-南京-南京二组,"1,815","1,759","1,685","1,060",545,699
2020年8月7日,东部战区-合肥-合肥一组,"4,384","4,272","4,062","2,481","1,205",693
2020年8月7日,东部战区-合肥-合肥二组,"1,307","1,277","1,207",770,368,697
2020年8月7日,东部战区-杭州-杭州一组,"6,548","6,290","5,971","3,662","1,756",701
2020年8月7日,东部战区-杭州-杭州三组,"1,773","1,738","1,690","1,017",614,701
2020年8月7日,东部战区-杭州-杭州二组,"4,358","4,244","4,089","2,366","1,302",694
2020年8月7日,北部战区-天津-天津一组,"1,649","1,630","1,583",847,532,684
2020年8月7日,北部战区-北京-北京一组,15,14,13,8,3,696
2020年8月7日,北部战区-北京-北京四组,"1,721","1,698","1,663","1,003",582,688
2020年8月7日,北部战区-北京-北京三组,"3,095","3,034","2,909","1,815",933,689
2020年8月7日,北部战区-北京-北京二组,10,10,10,7,5,685
2020年8月8日,西部战区-重庆-重庆一组,"2,583","2,540","2,470","1,542",855,690
2020年8月8日,西部战区-西安-西安一组,"2,969","2,920","2,830","1,732",979,692
2020年8月8日,西部战区-武汉-武汉一组,"2,538","2,483","2,387","1,460",736,698
2020年8月8日,西部战区-成都-成都一组,"2,743","2,676","2,581","1,655",928,691
2020年8月8日,西部战区-成都-成都二组,672,662,643,443,209,692
2020年8月8日,南部战区-深圳-深圳一组,"3,823","3,708","3,535","2,103","1,122",689
2020年8月8日,南部战区-广州-广州一组,"6,284","6,145","5,890","3,622","2,009",687
2020年8月8日,南部战区-广州-广州三组,"3,868","3,765","3,575","2,129","1,197",688
2020年8月8日,南部战区-广州-广州二组,"3,608","3,532","3,366","2,083","1,204",691
2020年8月8日,东部战区-苏州-苏州一组,"5,539","5,354","5,123","3,095","1,569",694
2020年8月8日,东部战区-苏州-苏州二组,"4,650","4,488","4,248","2,513","1,382",695
2020年8月8日,东部战区-上海-上海一组,"5,509","5,335","5,150","3,113","1,733",694
2020年8月8日,东部战区-上海-上海三组,"2,925","2,858","2,747","1,612",968,696
2020年8月8日,东部战区-上海-上海二组,"3,603","3,543","3,395","2,031","1,078",690
2020年8月8日,东部战区-南京-南京一组,"3,576","3,498","3,371","1,956","1,085",697
2020年8月8日,东部战区-南京-南京四组,"1,402","1,368","1,311",766,467,696
2020年8月8日,东部战区-南京-南京三组,"1,637","1,606","1,546",919,446,697
2020年8月8日,东部战区-南京-南京二组,"1,606","1,557","1,492",962,507,701
2020年8月8日,东部战区-合肥-合肥一组,"5,881","5,738","5,474","3,433","1,676",697
2020年8月8日,东部战区-合肥-合肥二组,"1,292","1,268","1,213",757,391,696
2020年8月8日,东部战区-杭州-杭州一组,"6,742","6,482","6,142","3,799","1,789",702
2020年8月8日,东部战区-杭州-杭州三组,"1,773","1,738","1,690","1,017",614,701
2020年8月8日,东部战区-杭州-杭州二组,"5,283","5,146","4,976","2,839","1,597",694
2020年8月8日,北部战区-天津-天津一组,"1,124","1,111","1,072",591,360,685
2020年8月8日,北部战区-北京-北京一组,95,91,85,45,25,686
2020年8月8日,北部战区-北京-北京四组,"1,721","1,698","1,663","1,003",582,688
2020年8月8日,北部战区-北京-北京三组,"1,275","1,256","1,208",731,377,689
2020年8月9日,西部战区-重庆-重庆一组,"2,133","2,102","2,043","1,310",719,691
2020年8月9日,西部战区-西安-西安一组,"3,717","3,652","3,534","2,135","1,196",691
2020年8月9日,西部战区-武汉-武汉一组,"1,378","1,349","1,304",773,450,695
2020年8月9日,西部战区-成都-成都一组,"1,946","1,900","1,835","1,189",695,693
2020年8月9日,西部战区-成都-成都二组,672,662,643,443,209,692
2020年8月9日,南部战区-深圳-深圳一组,"3,120","3,018","2,877","1,701",900,689
2020年8月9日,南部战区-广州-广州一组,"6,382","6,226","5,957","3,717","2,085",688
2020年8月9日,南部战区-广州-广州三组,"3,836","3,734","3,542","2,108","1,190",688
2020年8月9日,南部战区-广州-广州二组,"4,484","4,394","4,200","2,583","1,493",691
2020年8月9日,东部战区-苏州-苏州一组,"5,709","5,521","5,276","3,164","1,591",694
2020年8月9日,东部战区-苏州-苏州三组,83,80,70,41,18,684
2020年8月9日,东部战区-苏州-苏州二组,"7,055","6,772","6,439","3,733","2,027",696
2020年8月9日,东部战区-上海-上海一组,"6,164","5,974","5,748","3,467","1,907",694
2020年8月9日,东部战区-上海-上海三组,"2,925","2,858","2,747","1,612",968,696
2020年8月9日,东部战区-上海-上海二组,"3,511","3,450","3,299","1,966","1,070",690
2020年8月9日,东部战区-南京-南京一组,"2,164","2,123","2,051","1,184",652,696
2020年8月9日,东部战区-南京-南京四组,"1,907","1,854","1,776","1,048",592,696
2020年8月9日,东部战区-南京-南京三组,"2,869","2,815","2,713","1,648",829,698
2020年8月9日,东部战区-南京-南京二组,"2,750","2,659","2,549","1,581",811,698
2020年8月9日,东部战区-合肥-合肥一组,"4,888","4,780","4,560","2,832","1,370",695
2020年8月9日,东部战区-合肥-合肥二组,"1,361","1,334","1,268",801,407,696
2020年8月9日,东部战区-杭州-杭州一组,"5,144","4,967","4,715","2,936","1,376",702
2020年8月9日,东部战区-杭州-杭州三组,"1,773","1,738","1,690","1,017",614,701
2020年8月9日,东部战区-杭州-杭州二组,"4,393","4,293","4,142","2,352","1,331",694
2020年8月9日,北部战区-天津-天津一组,"1,689","1,671","1,624",890,577,685
2020年8月9日,北部战区-北京-北京一组,95,91,85,45,25,686
2020年8月9日,北部战区-北京-北京四组,"1,721","1,698","1,663","1,003",582,688
2020年8月9日,北部战区-北京-北京三组,"2,977","2,920","2,799","1,745",899,690
2020年8月10日,西部战区-重庆-重庆一组,"1,387","1,375","1,327",836,439,688
2020年8月10日,西部战区-西安-西安一组,"1,449","1,422","1,376",816,439,688
2020年8月10日,西部战区-武汉-武汉一组,"3,303","3,234","3,102","1,918",992,699
2020年8月10日,西部战区-成都-成都一组,"2,990","2,919","2,820","1,821","1,015",691
2020年8月10日,西部战区-成都-成都二组,672,662,643,443,209,692
2020年8月10日,南部战区-深圳-深圳一组,"3,120","3,018","2,877","1,701",900,689
2020年8月10日,南部战区-广州-广州一组,"5,770","5,628","5,384","3,358","1,890",688
2020年8月10日,南部战区-广州-广州三组,"3,746","3,645","3,464","2,062","1,163",688
2020年8月10日,南部战区-广州-广州二组,"3,082","3,035","2,913","1,766","1,032",689
2020年8月10日,东部战区-苏州-苏州一组,"4,922","4,758","4,539","2,718","1,369",695
2020年8月10日,东部战区-苏州-苏州三组,179,176,172,104,76,694
2020年8月10日,东部战区-苏州-苏州二组,"5,703","5,489","5,227","3,019","1,654",696
2020年8月10日,东部战区-上海-上海一组,"5,472","5,334","5,140","3,139","1,734",694
2020年8月10日,东部战区-上海-上海三组,"2,925","2,858","2,747","1,612",968,696
2020年8月10日,东部战区-上海-上海二组,"2,848","2,808","2,692","1,578",861,690
2020年8月10日,东部战区-南京-南京一组,"3,253","3,176","3,060","1,750",959,697
2020年8月10日,东部战区-南京-南京四组,"1,402","1,368","1,311",766,467,696
2020年8月10日,东部战区-南京-南京三组,"1,661","1,634","1,569",963,496,698
2020年8月10日,东部战区-南京-南京二组,"1,638","1,577","1,516",940,533,700
2020年8月10日,东部战区-合肥-合肥一组,"5,711","5,577","5,315","3,317","1,631",696
2020年8月10日,东部战区-合肥-合肥二组,954,938,880,561,273,697
2020年8月10日,东部战区-杭州-杭州一组,"2,686","2,599","2,462","1,461",708,699
2020年8月10日,东部战区-杭州-杭州三组,"1,773","1,738","1,690","1,017",614,701
2020年8月10日,东部战区-杭州-杭州二组,"3,643","3,572","3,464","1,936","1,151",694
2020年8月10日,北部战区-天津-天津一组,"1,763","1,745","1,698",925,611,685
2020年8月10日,北部战区-北京-北京一组,95,91,85,45,25,686
2020年8月10日,北部战区-北京-北京四组,"1,721","1,698","1,663","1,003",582,688
2020年8月10日,北部战区-北京-北京三组,"2,391","2,336","2,237","1,422",749,689
2020年8月11日,西部战区-重庆-重庆一组,"1,763","1,727","1,695","1,051",602,691
2020年8月11日,西部战区-西安-西安一组,"3,717","3,652","3,534","2,135","1,196",691
2020年8月11日,西部战区-武汉-武汉一组,"3,100","3,035","2,912","1,755",907,697
2020年8月11日,西部战区-成都-成都一组,"1,047","1,036","1,004",659,391,687
2020年8月11日,西部战区-成都-成都二组,672,662,643,443,209,692
2020年8月11日,南部战区-深圳-深圳一组,"3,120","3,018","2,877","1,701",900,689
2020年8月11日,南部战区-广州-广州一组,"5,634","5,501","5,259","3,249","1,842",687
2020年8月11日,南部战区-广州-广州三组,"3,090","3,009","2,859","1,706",975,688
2020年8月11日,南部战区-广州-广州二组,"1,295","1,280","1,231",723,488,690
2020年8月11日,东部战区-苏州-苏州一组,"2,586","2,505","2,409","1,471",739,692
2020年8月11日,东部战区-苏州-苏州三组,167,162,153,91,43,691
2020年8月11日,东部战区-苏州-苏州二组,"3,818","3,687","3,523","2,044","1,164",695
2020年8月11日,东部战区-上海-上海一组,"5,239","5,102","4,917","3,002","1,644",694
2020年8月11日,东部战区-上海-上海三组,"2,925","2,858","2,747","1,612",968,696
2020年8月11日,东部战区-上海-上海二组,"3,293","3,239","3,105","1,871","1,013",691
2020年8月11日,东部战区-南京-南京一组,"2,520","2,468","2,391","1,365",773,696
2020年8月11日,东部战区-南京-南京四组,"1,907","1,854","1,776","1,048",592,696
2020年8月11日,东部战区-南京-南京三组,925,906,866,532,248,697
2020年8月11日,东部战区-南京-南京二组,"1,606","1,557","1,492",962,507,701
2020年8月11日,东部战区-合肥-合肥一组,"3,710","3,624","3,456","2,150","1,029",695
2020年8月11日,东部战区-合肥-合肥二组,763,753,717,458,247,696
2020年8月11日,东部战区-杭州-杭州一组,"4,585","4,391","4,157","2,517","1,232",701
2020年8月11日,东部战区-杭州-杭州三组,"1,773","1,738","1,690","1,017",614,701
2020年8月11日,东部战区-杭州-杭州二组,"4,308","4,208","4,077","2,242","1,318",694
2020年8月11日,北部战区-天津-天津一组,"1,320","1,304","1,261",682,429,685
2020年8月11日,北部战区-北京-北京一组,132,126,117,64,33,689
2020年8月11日,北部战区-北京-北京四组,"1,721","1,698","1,663","1,003",582,688
2020年8月11日,北部战区-北京-北京三组,"2,795","2,747","2,636","1,639",850,690
2020年8月12日,西部战区-重庆-重庆一组,"2,583","2,540","2,470","1,542",855,690
2020年8月12日,西部战区-西安-西安一组,"3,059","3,002","2,915","1,732","1,005",691
2020年8月12日,西部战区-武汉-武汉一组,"2,949","2,885","2,764","1,674",857,697
2020年8月12日,西部战区-成都-成都一组,"2,990","2,919","2,820","1,821","1,015",691
2020年8月12日,西部战区-成都-成都二组,672,662,643,443,209,692
2020年8月12日,南部战区-深圳-深圳一组,"3,823","3,708","3,535","2,103","1,122",689
2020年8月12日,南部战区-广州-广州一组,"6,715","6,552","6,276","3,927","2,170",688
2020年8月12日,南部战区-广州-广州三组,"3,385","3,296","3,129","1,864","1,064",688
2020年8月12日,南部战区-广州-广州二组,"3,815","3,753","3,594","2,217","1,296",690
2020年8月12日,东部战区-苏州-苏州一组,"7,187","6,928","6,595","3,995","2,060",695
2020年8月12日,东部战区-苏州-苏州三组,179,176,172,104,76,694
2020年8月12日,东部战区-苏州-苏州二组,"6,027","5,785","5,519","3,187","1,733",696
2020年8月12日,东部战区-上海-上海一组,"4,336","4,194","4,017","2,444","1,303",693
2020年8月12日,东部战区-上海-上海三组,"2,925","2,858","2,747","1,612",968,696
2020年8月12日,东部战区-上海-上海二组,"3,421","3,365","3,226","1,948","1,039",690
2020年8月12日,东部战区-南京-南京一组,"2,653","2,593","2,506","1,439",791,696
2020年8月12日,东部战区-南京-南京四组,"1,612","1,554","1,476",889,481,698
2020年8月12日,东部战区-南京-南京三组,"2,869","2,815","2,713","1,648",829,698
2020年8月12日,东部战区-南京-南京二组,"2,750","2,659","2,549","1,581",811,698
2020年8月12日,东部战区-合肥-合肥一组,"3,331","3,254","3,110","1,880",976,692
2020年8月12日,东部战区-合肥-合肥二组,"1,044","1,026",964,631,310,697
2020年8月12日,东部战区-杭州-杭州一组,"5,306","5,100","4,819","2,993","1,380",703
2020年8月12日,东部战区-杭州-杭州三组,"1,773","1,738","1,690","1,017",614,701
2020年8月12日,东部战区-杭州-杭州二组,"4,286","4,183","4,030","2,285","1,267",693
2020年8月12日,北部战区-天津-天津一组,"1,449","1,437","1,395",753,476,685
2020年8月12日,北部战区-北京-北京四组,"1,721","1,698","1,663","1,003",582,688
2020年8月12日,北部战区-北京-北京三组,"2,245","2,189","2,090","1,337",667,689
2020年8月13日,西部战区-重庆-重庆一组,"2,583","2,540","2,470","1,542",855,690
2020年8月13日,西部战区-西安-西安一组,"2,475","2,426","2,349","1,384",764,690
2020年8月13日,西部战区-武汉-武汉一组,"2,005","1,943","1,864","1,150",610,697
2020年8月13日,西部战区-成都-成都一组,"2,347","2,290","2,207","1,434",793,690
2020年8月13日,西部战区-成都-成都二组,672,662,643,443,209,692
2020年8月13日,南部战区-深圳-深圳一组,"3,823","3,708","3,535","2,103","1,122",689
2020年8月13日,南部战区-广州-广州一组,"5,229","5,103","4,911","3,076","1,679",688
2020年8月13日,南部战区-广州-广州三组,"3,219","3,133","2,965","1,749",966,688
2020年8月13日,南部战区-广州-广州二组,"4,484","4,394","4,200","2,583","1,493",691
2020年8月13日,东部战区-苏州-苏州一组,"5,554","5,348","5,094","3,106","1,603",695
2020年8月13日,东部战区-苏州-苏州三组,179,176,172,104,76,694
2020年8月13日,东部战区-苏州-苏州二组,"6,850","6,578","6,264","3,626","1,974",696
2020年8月13日,东部战区-上海-上海一组,"4,454","4,328","4,156","2,538","1,463",696
2020年8月13日,东部战区-上海-上海三组,"2,925","2,858","2,747","1,612",968,696
2020年8月13日,东部战区-上海-上海二组,"2,335","2,299","2,204","1,291",704,691
2020年8月13日,东部战区-南京-南京一组,"3,574","3,497","3,369","1,956","1,087",698
2020年8月13日,东部战区-南京-南京四组,"1,402","1,368","1,311",766,467,696
2020年8月13日,东部战区-南京-南京三组,"2,373","2,334","2,249","1,350",694,697
2020年8月13日,东部战区-南京-南京二组,"2,177","2,104","2,011","1,273",634,698
2020年8月13日,东部战区-合肥-合肥一组,"3,446","3,355","3,182","1,934",968,694
2020年8月13日,东部战区-合肥-合肥二组,"1,405","1,382","1,304",833,419,697
2020年8月13日,东部战区-杭州-杭州一组,"4,649","4,473","4,242","2,596","1,292",701
2020年8月13日,东部战区-杭州-杭州三组,"1,773","1,738","1,690","1,017",614,701
2020年8月13日,东部战区-杭州-杭州二组,"4,302","4,208","4,058","2,295","1,297",693
2020年8月13日,北部战区-天津-天津一组,"1,579","1,560","1,513",826,526,686
2020年8月13日,北部战区-北京-北京一组,95,91,85,45,25,686
2020年8月13日,北部战区-北京-北京四组,798,786,769,456,283,688
2020年8月13日,北部战区-北京-北京三组,"1,807","1,765","1,688","1,076",548,690
2020年8月14日,西部战区-重庆-重庆一组,"2,583","2,540","2,470","1,542",855,690
2020年8月14日,西部战区-西安-西安一组,"3,717","3,652","3,534","2,135","1,196",691
2020年8月14日,西部战区-武汉-武汉一组,"4,995","4,878","4,685","2,939","1,529",699
2020年8月14日,西部战区-成都-成都一组,"2,426","2,372","2,292","1,496",869,691
2020年8月14日,西部战区-成都-成都二组,672,662,643,443,209,692
2020年8月14日,南部战区-深圳-深圳一组,"3,823","3,708","3,535","2,103","1,122",689
2020年8月14日,南部战区-广州-广州一组,"6,383","6,224","5,960","3,747","2,077",688
2020年8月14日,南部战区-广州-广州三组,"3,215","3,129","2,961","1,747",965,688
2020年8月14日,南部战区-广州-广州二组,"4,484","4,394","4,200","2,583","1,493",691
2020年8月14日,东部战区-苏州-苏州一组,"5,113","4,948","4,724","2,861","1,484",694
2020年8月14日,东部战区-苏州-苏州三组,83,80,70,41,18,684
2020年8月14日,东部战区-苏州-苏州二组,"6,462","6,194","5,893","3,424","1,874",696
2020年8月14日,东部战区-上海-上海一组,"4,626","4,473","4,294","2,606","1,506",696
2020年8月14日,东部战区-上海-上海三组,"2,925","2,858","2,747","1,612",968,696
2020年8月14日,东部战区-上海-上海二组,"2,513","2,475","2,375","1,440",776,691
2020年8月14日,东部战区-南京-南京一组,"2,540","2,495","2,424","1,407",816,696
2020年8月14日,东部战区-南京-南京四组,"1,907","1,854","1,776","1,048",592,696
2020年8月14日,东部战区-南京-南京三组,"2,869","2,815","2,713","1,648",829,698
2020年8月14日,东部战区-南京-南京二组,"1,821","1,766","1,687","1,085",569,700
2020年8月14日,东部战区-合肥-合肥一组,"5,493","5,366","5,117","3,186","1,527",695
2020年8月14日,东部战区-合肥-合肥二组,"1,174","1,153","1,085",694,344,698
2020年8月14日,东部战区-杭州-杭州一组,"5,497","5,275","4,997","3,077","1,524",702
2020年8月14日,东部战区-杭州-杭州三组,"1,773","1,738","1,690","1,017",614,701
2020年8月14日,东部战区-杭州-杭州二组,"4,580","4,469","4,325","2,440","1,402",694
2020年8月14日,北部战区-天津-天津一组,"2,020","2,000","1,937","1,091",719,686
2020年8月14日,北部战区-北京-北京四组,"1,721","1,698","1,663","1,003",582,688
2020年8月14日,北部战区-北京-北京三组,891,873,841,512,285,689
2020年8月15日,西部战区-重庆-重庆一组,"2,583","2,540","2,470","1,542",855,690
2020年8月15日,西部战区-西安-西安一组,"2,358","2,312","2,243","1,319",783,692
2020年8月15日,西部战区-武汉-武汉一组,"3,719","3,646","3,507","2,146","1,149",698
2020年8月15日,西部战区-成都-成都一组,"2,100","2,047","1,968","1,268",706,690
2020年8月15日,西部战区-成都-成都二组,672,662,643,443,209,692
2020年8月15日,南部战区-深圳-深圳一组,"3,823","3,708","3,535","2,103","1,122",689
2020年8月15日,南部战区-广州-广州一组,"5,868","5,718","5,473","3,443","1,909",688
2020年8月15日,南部战区-广州-广州三组,"3,024","2,946","2,793","1,648",911,689
2020年8月15日,南部战区-广州-广州二组,"2,203","2,170","2,091","1,308",814,690
2020年8月15日,东部战区-苏州-苏州一组,"5,654","5,465","5,231","3,165","1,603",694
2020年8月15日,东部战区-苏州-苏州三组,313,305,285,176,103,692
2020年8月15日,东部战区-苏州-苏州二组,"7,051","6,772","6,442","3,733","2,022",696
2020年8月15日,东部战区-上海-上海一组,"4,889","4,728","4,533","2,749","1,590",695
2020年8月15日,东部战区-上海-上海三组,"2,925","2,858","2,747","1,612",968,696
2020年8月15日,东部战区-上海-上海二组,"2,970","2,916","2,790","1,674",905,691
2020年8月15日,东部战区-南京-南京一组,"3,941","3,858","3,719","2,134","1,195",697
2020年8月15日,东部战区-南京-南京四组,"1,907","1,854","1,776","1,048",592,696
2020年8月15日,东部战区-南京-南京三组,"2,869","2,815","2,713","1,648",829,698
2020年8月15日,东部战区-南京-南京二组,"1,516","1,472","1,416",867,485,695
2020年8月15日,东部战区-合肥-合肥一组,"5,784","5,648","5,383","3,355","1,652",696
2020年8月15日,东部战区-合肥-合肥二组,"1,290","1,273","1,209",771,398,697
2020年8月15日,东部战区-杭州-杭州一组,"6,445","6,178","5,849","3,656","1,725",702
2020年8月15日,东部战区-杭州-杭州三组,"1,773","1,738","1,690","1,017",614,701
2020年8月15日,东部战区-杭州-杭州二组,"4,956","4,840","4,687","2,628","1,525",694
2020年8月15日,北部战区-天津-天津一组,"2,151","2,128","2,060","1,168",762,686
2020年8月15日,北部战区-北京-北京一组,95,91,85,45,25,686
2020年8月15日,北部战区-北京-北京四组,"1,721","1,698","1,663","1,003",582,688
2020年8月15日,北部战区-北京-北京三组,"1,921","1,874","1,792","1,143",579,690
2020年8月16日,西部战区-重庆-重庆一组,"2,583","2,540","2,470","1,542",855,690
2020年8月16日,西部战区-西安-西安一组,"3,717","3,652","3,534","2,135","1,196",691
2020年8月16日,西部战区-武汉-武汉一组,601,592,567,315,176,695
2020年8月16日,西部战区-成都-成都一组,"2,179","2,129","2,053","1,330",782,692
2020年8月16日,西部战区-成都-成都二组,672,662,643,443,209,692
2020年8月16日,南部战区-深圳-深圳一组,"3,823","3,708","3,535","2,103","1,122",689
2020年8月16日,南部战区-广州-广州一组,"5,803","5,667","5,427","3,391","1,922",688
2020年8月16日,南部战区-广州-广州三组,"4,421","4,296","4,081","2,441","1,401",689
2020年8月16日,南部战区-广州-广州二组,"4,484","4,394","4,200","2,583","1,493",691
2020年8月16日,东部战区-苏州-苏州一组,"5,517","5,298","5,031","3,081","1,596",694
2020年8月16日,东部战区-苏州-苏州三组,412,404,368,224,125,691
2020年8月16日,东部战区-苏州-苏州二组,"6,571","6,309","6,011","3,472","1,907",696
2020年8月16日,东部战区-上海-上海一组,"4,626","4,473","4,294","2,606","1,506",696
2020年8月16日,东部战区-上海-上海三组,"2,925","2,858","2,747","1,612",968,696
2020年8月16日,东部战区-上海-上海二组,"2,578","2,537","2,430","1,471",795,691
2020年8月16日,东部战区-南京-南京一组,"1,788","1,759","1,705",988,588,696
2020年8月16日,东部战区-南京-南京四组,"2,105","2,042","1,946","1,120",651,696
2020年8月16日,东部战区-南京-南京三组,"1,560","1,532","1,473",921,466,698
2020年8月16日,东部战区-南京-南京二组,"1,853","1,786","1,718","1,055",581,699
2020年8月16日,东部战区-合肥-合肥一组,"4,815","4,691","4,470","2,769","1,393",695
2020年8月16日,东部战区-合肥-合肥二组,"1,255","1,237","1,176",739,383,696
2020年8月16日,东部战区-杭州-杭州一组,"5,771","5,534","5,243","3,227","1,595",701
2020年8月16日,东部战区-杭州-杭州三组,"1,773","1,738","1,690","1,017",614,701
2020年8月16日,东部战区-杭州-杭州二组,"4,655","4,534","4,374","2,461","1,381",694
2020年8月16日,北部战区-天津-天津一组,"2,015","1,995","1,935","1,068",701,685
2020年8月16日,北部战区-北京-北京四组,"1,721","1,698","1,663","1,003",582,688
2020年8月16日,北部战区-北京-北京三组,"1,541","1,505","1,441",925,478,691
2020年8月17日,西部战区-重庆-重庆一组,"1,313","1,289","1,268",819,466,693
2020年8月17日,西部战区-西安-西安一组,"2,385","2,344","2,264","1,384",738,692
2020年8月17日,西部战区-武汉-武汉一组,"1,227","1,199","1,156",692,400,695
2020年8月17日,西部战区-成都-成都一组,"2,426","2,372","2,292","1,496",869,691
2020年8月17日,西部战区-成都-成都二组,672,662,643,443,209,692
2020年8月17日,南部战区-深圳-深圳一组,"2,574","2,494","2,376","1,460",776,690
2020年8月17日,南部战区-广州-广州一组,"6,285","6,134","5,871","3,662","2,058",688
2020年8月17日,南部战区-广州-广州三组,"3,919","3,809","3,607","2,143","1,211",689
2020年8月17日,南部战区-广州-广州二组,"3,751","3,676","3,519","2,132","1,229",690
2020年8月17日,东部战区-苏州-苏州一组,"5,721","5,509","5,244","3,190","1,645",694
2020年8月17日,东部战区-苏州-苏州三组,150,148,126,79,31,692
2020年8月17日,东部战区-苏州-苏州二组,"6,152","5,926","5,630","3,247","1,765",696
2020年8月17日,东部战区-上海-上海一组,"5,414","5,247","5,042","3,050","1,729",695
2020年8月17日,东部战区-上海-上海三组,"2,925","2,858","2,747","1,612",968,696
2020年8月17日,东部战区-上海-上海二组,"2,840","2,794","2,677","1,597",862,690
2020年8月17日,东部战区-南京-南京一组,"3,860","3,777","3,639","2,105","1,172",697
2020年8月17日,东部战区-南京-南京四组,"2,206","2,134","2,035","1,149",604,695
2020年8月17日,东部战区-南京-南京三组,"2,869","2,815","2,713","1,648",829,698
2020年8月17日,东部战区-南京-南京二组,"1,931","1,871","1,781","1,135",529,699
2020年8月17日,东部战区-合肥-合肥一组,"3,902","3,808","3,626","2,209","1,099",693
2020年8月17日,东部战区-合肥-合肥二组,"1,325","1,308","1,243",792,409,697
2020年8月17日,东部战区-杭州-杭州一组,"5,872","5,650","5,349","3,319","1,563",702
2020年8月17日,东部战区-杭州-杭州三组,"1,773","1,738","1,690","1,017",614,701
2020年8月17日,东部战区-杭州-杭州二组,"4,173","4,067","3,937","2,274","1,267",695
2020年8月17日,北部战区-天津-天津一组,"2,068","2,045","1,984","1,111",736,685
2020年8月17日,北部战区-北京-北京四组,"1,721","1,698","1,663","1,003",582,688
2020年8月17日,北部战区-北京-北京三组,"1,931","1,887","1,804","1,146",585,689
2020年8月18日,西部战区-重庆-重庆一组,"1,837","1,813","1,754","1,068",575,688
2020年8月18日,西部战区-西安-西安一组,"1,332","1,308","1,270",751,458,690
2020年8月18日,西部战区-武汉-武汉一组,"1,380","1,359","1,319",868,507,702
2020年8月18日,西部战区-成都-成都一组,"1,946","1,900","1,835","1,189",695,693
2020年8月18日,南部战区-深圳-深圳一组,"3,177","3,083","2,932","1,742",890,689
2020年8月18日,南部战区-广州-广州一组,"4,465","4,350","4,165","2,570","1,475",687
2020年8月18日,南部战区-广州-广州三组,"3,919","3,809","3,607","2,143","1,211",689
2020年8月18日,南部战区-广州-广州二组,"3,573","3,501","3,352","2,040","1,238",691
2020年8月18日,东部战区-苏州-苏州一组,"6,538","6,297","5,999","3,653","1,893",695
2020年8月18日,东部战区-苏州-苏州三组,378,369,352,205,128,690
2020年8月18日,东部战区-苏州-苏州二组,"4,873","4,713","4,488","2,591","1,469",695
2020年8月18日,东部战区-上海-上海一组,"3,789","3,668","3,542","2,152","1,227",696
2020年8月18日,东部战区-上海-上海三组,"2,925","2,858","2,747","1,612",968,696
2020年8月18日,东部战区-上海-上海二组,"1,838","1,812","1,743","1,022",561,693
2020年8月18日,东部战区-南京-南京一组,"2,639","2,583","2,488","1,436",781,697
2020年8月18日,东部战区-南京-南京四组,"2,610","2,528","2,411","1,402",776,696
2020年8月18日,东部战区-南京-南京三组,"2,373","2,334","2,249","1,350",694,697
2020年8月18日,东部战区-南京-南京二组,787,768,737,476,270,697
2020年8月18日,东部战区-合肥-合肥一组,"3,619","3,525","3,354","2,055","1,103",695
2020年8月18日,东部战区-合肥-合肥二组,"1,678","1,644","1,557",991,492,697
2020年8月18日,东部战区-杭州-杭州一组,"6,388","6,131","5,807","3,622","1,706",702
2020年8月18日,东部战区-杭州-杭州三组,761,747,716,378,234,696
2020年8月18日,东部战区-杭州-杭州二组,"4,457","4,346","4,205","2,347","1,331",693
2020年8月18日,北部战区-天津-天津一组,"2,085","2,062","2,000","1,110",712,686
2020年8月18日,北部战区-北京-北京四组,"1,721","1,698","1,663","1,003",582,688
2020年8月18日,北部战区-北京-北京三组,"2,082","2,033","1,942","1,232",623,689
2020年8月19日,西部战区-重庆-重庆一组,"1,763","1,727","1,695","1,051",602,691
2020年8月19日,西部战区-西安-西安一组,"3,717","3,652","3,534","2,135","1,196",691
2020年8月19日,西部战区-武汉-武汉一组,"2,337","2,294","2,212","1,392",708,700
2020年8月19日,西部战区-成都-成都一组,"2,990","2,919","2,820","1,821","1,015",691
2020年8月19日,西部战区-成都-成都二组,672,662,643,443,209,692
2020年8月19日,南部战区-深圳-深圳一组,"3,823","3,708","3,535","2,103","1,122",689
2020年8月19日,南部战区-广州-广州一组,"6,978","6,811","6,527","4,059","2,253",688
2020年8月19日,南部战区-广州-广州三组,"3,919","3,809","3,607","2,143","1,211",689
2020年8月19日,南部战区-广州-广州二组,"3,815","3,753","3,594","2,217","1,296",690
2020年8月19日,东部战区-苏州-苏州一组,"5,654","5,465","5,231","3,165","1,603",694
2020年8月19日,东部战区-苏州-苏州三组,351,341,322,174,114,692
2020年8月19日,东部战区-苏州-苏州二组,"6,511","6,254","5,947","3,481","1,894",696
2020年8月19日,东部战区-上海-上海一组,"4,603","4,438","4,253","2,492","1,397",694
2020年8月19日,东部战区-上海-上海三组,"2,925","2,858","2,747","1,612",968,696
2020年8月19日,东部战区-上海-上海二组,"2,150","2,123","2,034","1,192",648,691
2020年8月19日,东部战区-南京-南京一组,"2,331","2,290","2,228","1,298",756,696
2020年8月19日,东部战区-南京-南京四组,"1,612","1,554","1,476",889,481,698
2020年8月19日,东部战区-南京-南京三组,"2,869","2,815","2,713","1,648",829,698
2020年8月19日,东部战区-南京-南京二组,"2,030","1,968","1,880","1,183",607,698
2020年8月19日,东部战区-合肥-合肥一组,"5,791","5,649","5,377","3,366","1,639",696
2020年8月19日,东部战区-合肥-合肥二组,"1,229","1,205","1,152",725,381,696
2020年8月19日,东部战区-杭州-杭州一组,"6,354","6,093","5,773","3,587","1,713",701
2020年8月19日,东部战区-杭州-杭州三组,"1,773","1,738","1,690","1,017",614,701
2020年8月19日,东部战区-杭州-杭州二组,"5,052","4,918","4,742","2,695","1,471",693
2020年8月19日,北部战区-天津-天津一组,"2,141","2,118","2,054","1,149",755,686
2020年8月19日,北部战区-北京-北京一组,95,91,85,45,25,686
2020年8月19日,北部战区-北京-北京四组,"1,721","1,698","1,663","1,003",582,688
2020年8月19日,北部战区-北京-北京三组,"2,082","2,033","1,942","1,232",623,689
2020年8月20日,西部战区-重庆-重庆一组,"1,837","1,813","1,754","1,068",575,688
2020年8月20日,西部战区-西安-西安一组,"3,016","2,962","2,862","1,722",974,692
2020年8月20日,西部战区-武汉-武汉一组,"3,532","3,457","3,327","2,068","1,108",699
2020年8月20日,西部战区-成都-成都一组,"1,946","1,900","1,835","1,189",695,693
2020年8月20日,西部战区-成都-成都二组,672,662,643,443,209,692
2020年8月20日,南部战区-深圳-深圳一组,"3,823","3,708","3,535","2,103","1,122",689
2020年8月20日,南部战区-广州-广州一组,"7,695","7,512","7,209","4,452","2,457",688
2020年8月20日,南部战区-广州-广州三组,"4,052","3,942","3,738","2,219","1,254",689
2020年8月20日,南部战区-广州-广州二组,"3,815","3,753","3,594","2,217","1,296",690
2020年8月20日,东部战区-苏州-苏州一组,"4,990","4,806","4,567","2,772","1,421",694
2020年8月20日,东部战区-苏州-苏州三组,295,289,282,164,110,692
2020年8月20日,东部战区-苏州-苏州二组,"5,677","5,465","5,180","3,032","1,642",696
2020年8月20日,东部战区-上海-上海一组,"5,142","4,962","4,756","2,860","1,612",695
2020年8月20日,东部战区-上海-上海三组,"2,925","2,858","2,747","1,612",968,696
2020年8月20日,东部战区-上海-上海二组,"2,867","2,817","2,695","1,635",878,691
2020年8月20日,东部战区-南京-南京一组,"3,264","3,202","3,091","1,804","1,010",697
2020年8月20日,东部战区-南京-南京四组,"2,610","2,528","2,411","1,402",776,696
2020年8月20日,东部战区-南京-南京三组,"2,133","2,087","2,010","1,217",581,697
2020年8月20日,东部战区-南京-南京二组,"2,550","2,470","2,366","1,476",784,698
2020年8月20日,东部战区-合肥-合肥一组,"4,936","4,817","4,583","2,850","1,419",696
2020年8月20日,东部战区-合肥-合肥二组,866,853,800,515,245,697
2020年8月20日,东部战区-杭州-杭州一组,"6,858","6,592","6,249","3,853","1,820",702
2020年8月20日,东部战区-杭州-杭州三组,"1,773","1,738","1,690","1,017",614,701
2020年8月20日,东部战区-杭州-杭州二组,"5,620","5,478","5,290","3,010","1,681",694
2020年8月20日,北部战区-天津-天津一组,"1,951","1,930","1,873","1,053",690,686
2020年8月20日,北部战区-北京-北京四组,"1,721","1,698","1,663","1,003",582,688
2020年8月20日,北部战区-北京-北京三组,"1,971","1,924","1,839","1,170",594,689
2020年8月21日,西部战区-重庆-重庆一组,"2,133","2,102","2,043","1,310",719,691
2020年8月21日,西部战区-西安-西安一组,"3,717","3,652","3,534","2,135","1,196",691
2020年8月21日,西部战区-武汉-武汉一组,"2,680","2,635","2,546","1,572",891,699
2020年8月21日,西部战区-成都-成都一组,"2,510","2,447","2,363","1,514",841,692
2020年8月21日,西部战区-成都-成都二组,672,662,643,443,209,692
2020年8月21日,南部战区-深圳-深圳一组,"3,823","3,708","3,535","2,103","1,122",689
2020年8月21日,南部战区-广州-广州一组,"7,503","7,322","7,026","4,356","2,396",688
2020年8月21日,南部战区-广州-广州三组,"3,263","3,171","3,006","1,816","1,028",690
2020年8月21日,南部战区-广州-广州二组,"4,484","4,394","4,200","2,583","1,493",691
2020年8月21日,东部战区-苏州-苏州一组,"7,187","6,928","6,595","3,995","2,060",695
2020年8月21日,东部战区-苏州-苏州三组,188,184,163,77,42,692
2020年8月21日,东部战区-苏州-苏州二组,"4,903","4,725","4,504","2,588","1,480",695
2020年8月21日,东部战区-上海-上海一组,"5,414","5,247","5,042","3,050","1,729",695
2020年8月21日,东部战区-上海-上海三组,"3,281","3,198","3,076","1,800","1,083",696
2020年8月21日,东部战区-上海-上海二组,"2,890","2,844","2,721","1,622",873,690
2020年8月21日,东部战区-南京-南京一组,"3,667","3,586","3,458","2,010","1,112",697
2020年8月21日,东部战区-南京-南京四组,"1,907","1,854","1,776","1,048",592,696
2020年8月21日,东部战区-南京-南京三组,"2,869","2,815","2,713","1,648",829,698
2020年8月21日,东部战区-南京-南京二组,"2,415","2,320","2,220","1,381",711,699
2020年8月21日,东部战区-合肥-合肥一组,"5,792","5,650","5,386","3,392","1,647",697
2020年8月21日,东部战区-合肥-合肥二组,922,907,847,540,255,697
2020年8月21日,东部战区-杭州-杭州一组,"4,907","4,727","4,491","2,756","1,298",701
2020年8月21日,东部战区-杭州-杭州三组,"1,773","1,738","1,690","1,017",614,701
2020年8月21日,东部战区-杭州-杭州二组,"4,855","4,730","4,572","2,574","1,447",694
2020年8月21日,北部战区-天津-天津一组,"1,859","1,838","1,777","1,003",632,686
2020年8月21日,北部战区-北京-北京四组,"1,721","1,698","1,663","1,003",582,688
2020年8月21日,北部战区-北京-北京三组,"2,664","2,615","2,503","1,543",780,690
2020年8月22日,西部战区-重庆-重庆一组,"2,583","2,540","2,470","1,542",855,690
2020年8月22日,西部战区-西安-西安一组,"2,311","2,270","2,211","1,329",788,692
2020年8月22日,西部战区-武汉-武汉一组,"3,896","3,798","3,648","2,289","1,183",699
2020年8月22日,西部战区-成都-成都一组,"2,202","2,144","2,062","1,333",727,691
2020年8月22日,西部战区-成都-成都二组,672,662,643,443,209,692
2020年8月22日,南部战区-深圳-深圳一组,"2,598","2,529","2,420","1,406",800,688
2020年8月22日,南部战区-广州-广州一组,"7,766","7,581","7,277","4,488","2,479",688
2020年8月22日,南部战区-广州-广州三组,"4,097","3,980","3,782","2,266","1,304",689
2020年8月22日,南部战区-广州-广州二组,"4,769","4,672","4,468","2,745","1,595",691
2020年8月22日,东部战区-苏州-苏州一组,"6,033","5,812","5,537","3,379","1,748",694
2020年8月22日,东部战区-苏州-苏州三组,179,176,172,104,76,694
2020年8月22日,东部战区-苏州-苏州二组,"6,079","5,836","5,560","3,247","1,767",696
2020年8月22日,东部战区-上海-上海一组,"5,142","4,962","4,756","2,860","1,612",695
2020年8月22日,东部战区-上海-上海三组,"3,281","3,198","3,076","1,800","1,083",696
2020年8月22日,东部战区-上海-上海二组,"1,983","1,948","1,872","1,134",599,689
2020年8月22日,东部战区-南京-南京一组,"3,071","3,008","2,915","1,674",966,696
2020年8月22日,东部战区-南京-南京四组,"2,105","2,042","1,946","1,120",651,696
2020年8月22日,东部战区-南京-南京三组,"2,869","2,815","2,713","1,648",829,698
2020年8月22日,东部战区-南京-南京二组,"2,451","2,373","2,267","1,428",706,699
2020年8月22日,东部战区-合肥-合肥一组,"6,233","6,075","5,786","3,616","1,752",696
2020年8月22日,东部战区-合肥-合肥二组,"1,209","1,193","1,135",724,372,697
2020年8月22日,东部战区-杭州-杭州一组,"6,742","6,482","6,142","3,799","1,789",702
2020年8月22日,东部战区-杭州-杭州三组,"1,773","1,738","1,690","1,017",614,701
2020年8月22日,东部战区-杭州-杭州二组,"4,490","4,371","4,218","2,378","1,333",694
2020年8月22日,北部战区-天津-天津一组,"1,533","1,519","1,471",833,526,686
2020年8月22日,北部战区-北京-北京一组,95,91,85,45,25,686
2020年8月22日,北部战区-北京-北京四组,"2,088","2,054","2,003","1,214",676,688
2020年8月22日,北部战区-北京-北京三组,"2,349","2,296","2,197","1,391",705,689
2020年8月23日,西部战区-重庆-重庆一组,"2,583","2,540","2,470","1,542",855,690
2020年8月23日,西部战区-西安-西安一组,"3,717","3,652","3,534","2,135","1,196",691
2020年8月23日,西部战区-武汉-武汉一组,"4,579","4,466","4,280","2,711","1,372",700
2020年8月23日,西部战区-成都-成都一组,"2,510","2,447","2,363","1,514",841,692
2020年8月23日,西部战区-成都-成都二组,672,662,643,443,209,692
2020年8月23日,南部战区-深圳-深圳一组,"3,823","3,708","3,535","2,103","1,122",689
2020年8月23日,南部战区-广州-广州一组,"7,695","7,512","7,209","4,452","2,457",688
2020年8月23日,南部战区-广州-广州三组,"3,139","3,051","2,892","1,724",989,688
2020年8月23日,南部战区-广州-广州二组,"3,815","3,753","3,594","2,217","1,296",690
2020年8月23日,东部战区-苏州-苏州一组,"7,072","6,817","6,487","3,925","2,026",695
2020年8月23日,东部战区-苏州-苏州三组,477,468,435,253,150,690
2020年8月23日,东部战区-苏州-苏州二组,"7,462","7,163","6,808","3,955","2,157",696
2020年8月23日,东部战区-上海-上海一组,"5,519","5,338","5,129","3,038","1,751",694
2020年8月23日,东部战区-上海-上海三组,"3,281","3,198","3,076","1,800","1,083",696
2020年8月23日,东部战区-上海-上海二组,"2,513","2,475","2,375","1,440",776,691
2020年8月23日,东部战区-南京-南京一组,"3,609","3,532","3,404","1,968","1,086",697
2020年8月23日,东部战区-南京-南京四组,"1,503","1,460","1,400",795,420,695
2020年8月23日,东部战区-南京-南京三组,"2,157","2,115","2,033","1,261",631,698
2020年8月23日,东部战区-南京-南京二组,"2,482","2,397","2,302","1,443",749,698
2020年8月23日,东部战区-合肥-合肥一组,"5,861","5,714","5,439","3,406","1,638",697
2020年8月23日,东部战区-合肥-合肥二组,"1,538","1,506","1,426",909,443,697
2020年8月23日,东部战区-杭州-杭州一组,"5,948","5,713","5,407","3,299","1,528",701
2020年8月23日,东部战区-杭州-杭州三组,"1,773","1,738","1,690","1,017",614,701
2020年8月23日,东部战区-杭州-杭州二组,"5,462","5,322","5,146","2,927","1,639",694
2020年8月23日,北部战区-天津-天津一组,"1,922","1,901","1,842","1,051",678,686
2020年8月23日,北部战区-北京-北京一组,95,91,85,45,25,686
2020年8月23日,北部战区-北京-北京四组,"2,088","2,054","2,003","1,214",676,688
2020年8月23日,北部战区-北京-北京三组,"1,971","1,924","1,839","1,170",594,689
2020年8月23日,北部战区-北京-北京二组,207,204,195,121,79,696
2020年8月24日,西部战区-重庆-重庆一组,"2,133","2,102","2,043","1,310",719,691
2020年8月24日,西部战区-西安-西安一组,"2,969","2,920","2,830","1,732",979,692
2020年8月24日,西部战区-武汉-武汉一组,"4,732","4,618","4,431","2,797","1,434",699
2020年8月24日,西部战区-成都-成都一组,"2,845","2,773","2,675","1,720",949,691
2020年8月24日,西部战区-成都-成都二组,672,662,643,443,209,692
2020年8月24日,南部战区-深圳-深圳一组,"3,823","3,708","3,535","2,103","1,122",689
2020年8月24日,南部战区-广州-广州一组,"6,715","6,552","6,276","3,927","2,170",688
2020年8月24日,南部战区-广州-广州三组,"3,843","3,731","3,538","2,120","1,235",689
2020年8月24日,南部战区-广州-广州二组,"3,783","3,704","3,545","2,217","1,266",691
2020年8月24日,东部战区-苏州-苏州一组,"6,097","5,870","5,578","3,389","1,757",695
2020年8月24日,东部战区-苏州-苏州三组,182,179,153,89,40,687
2020年8月24日,东部战区-苏州-苏州二组,"7,264","6,973","6,633","3,841","2,100",696
2020年8月24日,东部战区-上海-上海一组,"5,915","5,749","5,541","3,359","1,888",695
2020年8月24日,东部战区-上海-上海三组,"3,281","3,198","3,076","1,800","1,083",696
2020年8月24日,东部战区-上海-上海二组,"2,578","2,537","2,430","1,471",795,691
2020年8月24日,东部战区-南京-南京一组,"3,264","3,202","3,091","1,804","1,010",697
2020年8月24日,东部战区-南京-南京四组,"1,907","1,854","1,776","1,048",592,696
2020年8月24日,东部战区-南京-南京三组,"1,661","1,634","1,569",963,496,698
2020年8月24日,东部战区-南京-南京二组,"1,516","1,473","1,403",907,440,700
2020年8月24日,东部战区-合肥-合肥一组,"4,604","4,493","4,285","2,653","1,283",695
2020年8月24日,东部战区-合肥-合肥二组,"1,142","1,123","1,085",663,355,695
2020年8月24日,东部战区-杭州-杭州一组,"5,699","5,493","5,200","3,231","1,513",702
2020年8月24日,东部战区-杭州-杭州三组,"1,773","1,738","1,690","1,017",614,701
2020年8月24日,东部战区-杭州-杭州二组,"4,833","4,709","4,545","2,629","1,447",694
2020年8月24日,北部战区-天津-天津一组,"1,970","1,948","1,888","1,072",693,686
2020年8月24日,北部战区-北京-北京一组,95,91,85,45,25,686
2020年8月24日,北部战区-北京-北京四组,"2,088","2,054","2,003","1,214",676,688
2020年8月24日,北部战区-北京-北京三组,"2,815","2,761","2,641","1,629",818,690
2020年8月24日,北部战区-北京-北京二组,207,204,195,121,79,696
2020年8月25日,西部战区-重庆-重庆一组,"2,133","2,102","2,043","1,310",719,691
2020年8月25日,西部战区-西安-西安一组,"3,059","3,002","2,915","1,732","1,005",691
2020年8月25日,西部战区-武汉-武汉一组,"2,492","2,447","2,351","1,454",749,700
2020年8月25日,西部战区-成都-成都一组,"1,867","1,818","1,750","1,127",619,692
2020年8月25日,南部战区-深圳-深圳一组,"3,120","3,018","2,877","1,701",900,689
2020年8月25日,南部战区-广州-广州一组,"6,614","6,441","6,189","3,856","2,131",688
2020年8月25日,南部战区-广州-广州三组,"3,652","3,548","3,370","2,021","1,181",689
2020年8月25日,南部战区-广州-广州二组,"3,783","3,704","3,545","2,217","1,266",691
2020年8月25日,东部战区-苏州-苏州一组,"5,654","5,465","5,231","3,165","1,603",694
2020年8月25日,东部战区-苏州-苏州三组,295,289,282,164,110,692
2020年8月25日,东部战区-苏州-苏州二组,"6,463","6,218","5,913","3,405","1,897",695
2020年8月25日,东部战区-上海-上海一组,"4,836","4,670","4,476","2,629","1,487",693
2020年8月25日,东部战区-上海-上海三组,"2,925","2,858","2,747","1,612",968,696
2020年8月25日,东部战区-上海-上海二组,"2,128","2,098","2,011","1,172",645,692
2020年8月25日,东部战区-南京-南京一组,"1,834","1,807","1,756","1,011",586,695
2020年8月25日,东部战区-南京-南京四组,998,974,935,513,295,694
2020年8月25日,东部战区-南京-南京三组,"1,637","1,606","1,546",919,446,697
2020年8月25日,东部战区-南京-南京二组,"2,267","2,188","2,100","1,328",701,699
2020年8月25日,东部战区-合肥-合肥一组,"4,445","4,325","4,115","2,547","1,278",696
2020年8月25日,东部战区-合肥-合肥二组,"1,034","1,014",951,589,291,697
2020年8月25日,东部战区-杭州-杭州一组,"6,742","6,482","6,142","3,799","1,789",702
2020年8月25日,东部战区-杭州-杭州三组,"1,773","1,738","1,690","1,017",614,701
2020年8月25日,东部战区-杭州-杭州二组,"5,405","5,268","5,095","2,899","1,629",694
2020年8月25日,北部战区-天津-天津一组,"1,223","1,212","1,177",648,413,685
2020年8月25日,北部战区-北京-北京四组,"2,088","2,054","2,003","1,214",676,688
2020年8月25日,北部战区-北京-北京三组,"2,085","2,041","1,955","1,240",631,689
2020年8月26日,西部战区-重庆-重庆一组,"2,583","2,540","2,470","1,542",855,690
2020年8月26日,西部战区-西安-西安一组,"3,059","3,002","2,915","1,732","1,005",691
2020年8月26日,西部战区-武汉-武汉一组,"3,167","3,087","2,962","1,932",953,701
2020年8月26日,西部战区-成都-成都一组,"2,845","2,773","2,675","1,720",949,691
2020年8月26日,西部战区-成都-成都二组,672,662,643,443,209,692
2020年8月26日,南部战区-深圳-深圳一组,"3,823","3,708","3,535","2,103","1,122",689
2020年8月26日,南部战区-广州-广州一组,"7,503","7,322","7,026","4,356","2,396",688
2020年8月26日,南部战区-广州-广州三组,"3,843","3,731","3,538","2,120","1,235",689
2020年8月26日,南部战区-广州-广州二组,"4,484","4,394","4,200","2,583","1,493",691
2020年8月26日,东部战区-苏州-苏州一组,"6,708","6,464","6,152","3,722","1,915",695
2020年8月26日,东部战区-苏州-苏州三组,89,85,80,29,20,696
2020年8月26日,东部战区-苏州-苏州二组,"6,991","6,712","6,377","3,687","2,001",695
2020年8月26日,东部战区-上海-上海一组,"4,626","4,473","4,294","2,606","1,506",696
2020年8月26日,东部战区-上海-上海三组,"3,281","3,198","3,076","1,800","1,083",696
2020年8月26日,东部战区-上海-上海二组,"2,970","2,916","2,790","1,674",905,691
2020年8月26日,东部战区-南京-南京一组,"3,157","3,087","2,975","1,739",971,698
2020年8月26日,东部战区-南京-南京四组,"2,610","2,528","2,411","1,402",776,696
2020年8月26日,东部战区-南京-南京三组,"2,869","2,815","2,713","1,648",829,698
2020年8月26日,东部战区-南京-南京二组,"2,897","2,795","2,680","1,671",838,698
2020年8月26日,东部战区-合肥-合肥一组,"4,273","4,165","3,968","2,460","1,225",696
2020年8月26日,东部战区-合肥-合肥二组,998,981,949,595,323,695
2020年8月26日,东部战区-杭州-杭州一组,"5,706","5,483","5,202","3,210","1,527",702
2020年8月26日,东部战区-杭州-杭州三组,"1,773","1,738","1,690","1,017",614,701
2020年8月26日,东部战区-杭州-杭州二组,"4,798","4,684","4,543","2,545","1,483",694
2020年8月26日,北部战区-天津-天津一组,"1,686","1,667","1,612",903,570,686
2020年8月26日,北部战区-北京-北京一组,14,14,14,7,4,667
2020年8月26日,北部战区-北京-北京四组,"2,088","2,054","2,003","1,214",676,688
2020年8月26日,北部战区-北京-北京三组,"2,923","2,867","2,749","1,701",847,690
2020年8月26日,北部战区-北京-北京二组,207,204,195,121,79,696
2020年8月27日,西部战区-重庆-重庆一组,"1,763","1,727","1,695","1,051",602,691
2020年8月27日,西部战区-西安-西安一组,"2,969","2,920","2,830","1,732",979,692
2020年8月27日,西部战区-武汉-武汉一组,"5,244","5,129","4,935","3,160","1,607",701
2020年8月27日,西部战区-成都-成都一组,"3,078","3,002","2,893","1,861","1,036",690
2020年8月27日,西部战区-成都-成都二组,672,662,643,443,209,692
2020年8月27日,南部战区-深圳-深圳一组,"3,823","3,708","3,535","2,103","1,122",689
2020年8月27日,南部战区-广州-广州一组,"7,503","7,322","7,026","4,356","2,396",688
2020年8月27日,南部战区-广州-广州三组,"3,843","3,731","3,538","2,120","1,235",689
2020年8月27日,南部战区-广州-广州二组,"4,769","4,672","4,468","2,745","1,595",691
2020年8月27日,东部战区-苏州-苏州一组,"5,872","5,647","5,382","3,301","1,710",694
2020年8月27日,东部战区-苏州-苏州三组,483,473,445,241,152,692
2020年8月27日,东部战区-苏州-苏州二组,"6,344","6,085","5,799","3,345","1,833",695
2020年8月27日,东部战区-上海-上海一组,"6,583","6,381","6,141","3,707","2,105",695
2020年8月27日,东部战区-上海-上海三组,"2,925","2,858","2,747","1,612",968,696
2020年8月27日,东部战区-上海-上海二组,"2,679","2,638","2,529","1,522",813,690
2020年8月27日,东部战区-南京-南京一组,"3,970","3,887","3,751","2,153","1,206",697
2020年8月27日,东部战区-南京-南京四组,"2,610","2,528","2,411","1,402",776,696
2020年8月27日,东部战区-南京-南京三组,"2,869","2,815","2,713","1,648",829,698
2020年8月27日,东部战区-南京-南京二组,"2,335","2,261","2,171","1,353",722,698
2020年8月27日,东部战区-合肥-合肥一组,"5,329","5,195","4,953","3,105","1,523",696
2020年8月27日,东部战区-合肥-合肥二组,"1,078","1,058","1,019",634,345,695
2020年8月27日,东部战区-杭州-杭州一组,"5,529","5,318","5,039","3,103","1,495",701
2020年8月27日,东部战区-杭州-杭州三组,"1,773","1,738","1,690","1,017",614,701
2020年8月27日,东部战区-杭州-杭州二组,"5,340","5,200","5,027","2,867","1,607",694
2020年8月27日,北部战区-天津-天津一组,"1,921","1,900","1,840","1,061",693,686
2020年8月27日,北部战区-北京-北京一组,95,91,85,45,25,686
2020年8月27日,北部战区-北京-北京四组,"2,555","2,517","2,444","1,485",830,689
2020年8月27日,北部战区-北京-北京三组,"2,821","2,765","2,652","1,645",826,690
2020年8月27日,北部战区-北京-北京二组,207,204,195,121,79,696
2020年8月28日,西部战区-重庆-重庆一组,"2,583","2,540","2,470","1,542",855,690
2020年8月28日,西部战区-西安-西安一组,"3,717","3,652","3,534","2,135","1,196",691
2020年8月28日,西部战区-武汉-武汉一组,"3,363","3,303","3,178","1,994","1,080",700
2020年8月28日,西部战区-成都-成都一组,"2,281","2,226","2,147","1,395",803,692
2020年8月28日,西部战区-成都-成都二组,672,662,643,443,209,692
2020年8月28日,南部战区-深圳-深圳一组,"3,823","3,708","3,535","2,103","1,122",689
2020年8月28日,南部战区-广州-广州一组,"7,186","7,024","6,744","4,132","2,324",688
2020年8月28日,南部战区-广州-广州三组,"3,843","3,731","3,538","2,120","1,235",689
2020年8月28日,南部战区-广州-广州二组,"4,769","4,672","4,468","2,745","1,595",691
2020年8月28日,东部战区-苏州-苏州一组,"6,604","6,366","6,050","3,658","1,884",695
2020年8月28日,东部战区-苏州-苏州二组,"5,741","5,533","5,272","3,044","1,722",695
2020年8月28日,东部战区-上海-上海一组,"5,142","4,962","4,756","2,860","1,612",695
2020年8月28日,东部战区-上海-上海三组,"2,504","2,425","2,335","1,432",900,699
2020年8月28日,东部战区-上海-上海二组,"2,748","2,703","2,586","1,549",838,691
2020年8月28日,东部战区-南京-南京一组,"2,956","2,895","2,809","1,610",931,696
2020年8月28日,东部战区-南京-南京四组,"2,610","2,528","2,411","1,402",776,696
2020年8月28日,东部战区-南京-南京三组,"2,844","2,795","2,686","1,622",805,697
2020年8月28日,东部战区-南京-南京二组,"2,230","2,157","2,063","1,288",634,698
2020年8月28日,东部战区-合肥-合肥一组,"5,863","5,718","5,444","3,374","1,614",695
2020年8月28日,东部战区-合肥-合肥二组,"1,475","1,446","1,374",875,445,696
2020年8月28日,东部战区-杭州-杭州一组,"6,772","6,512","6,162","3,815","1,800",702
2020年8月28日,东部战区-杭州-杭州三组,"1,773","1,738","1,690","1,017",614,701
2020年8月28日,东部战区-杭州-杭州二组,"4,385","4,267","4,125","2,334","1,312",695
2020年8月28日,北部战区-天津-天津一组,"1,662","1,645","1,596",896,587,685
2020年8月28日,北部战区-北京-北京一组,132,126,117,64,33,689
2020年8月28日,北部战区-北京-北京四组,"2,555","2,517","2,444","1,485",830,689
2020年8月28日,北部战区-北京-北京三组,"2,349","2,296","2,197","1,391",705,689
2020年8月28日,北部战区-北京-北京二组,207,204,195,121,79,696
2020年8月29日,西部战区-重庆-重庆一组,"2,583","2,540","2,470","1,542",855,690
2020年8月29日,西部战区-西安-西安一组,"3,717","3,652","3,534","2,135","1,196",691
2020年8月29日,西部战区-武汉-武汉一组,"5,244","5,129","4,935","3,160","1,607",701
2020年8月29日,西部战区-成都-成都一组,"2,845","2,773","2,675","1,720",949,691
2020年8月29日,西部战区-成都-成都二组,672,662,643,443,209,692
2020年8月29日,南部战区-深圳-深圳一组,"3,823","3,708","3,535","2,103","1,122",689
2020年8月29日,南部战区-广州-广州一组,"7,251","7,075","6,790","4,184","2,311",688
2020年8月29日,南部战区-广州-广州三组,"3,843","3,731","3,538","2,120","1,235",689
2020年8月29日,南部战区-广州-广州二组,"4,769","4,672","4,468","2,745","1,595",691
2020年8月29日,东部战区-苏州-苏州一组,"6,567","6,332","6,025","3,651","1,881",694
2020年8月29日,东部战区-苏州-苏州三组,179,176,172,104,76,694
2020年8月29日,东部战区-苏州-苏州二组,"7,361","7,068","6,722","3,898","2,126",696
2020年8月29日,东部战区-上海-上海一组,"5,142","4,962","4,756","2,860","1,612",695
2020年8月29日,东部战区-上海-上海三组,"3,134","3,055","2,936","1,729","1,031",696
2020年8月29日,东部战区-上海-上海二组,"2,720","2,678","2,565","1,544",830,690
2020年8月29日,东部战区-南京-南京一组,"3,923","3,839","3,702","2,130","1,191",697
2020年8月29日,东部战区-南京-南京四组,"2,105","2,042","1,946","1,120",651,696
2020年8月29日,东部战区-南京-南京三组,"1,232","1,209","1,167",729,383,699
2020年8月29日,东部战区-南京-南京二组,"2,267","2,188","2,100","1,328",701,699
2020年8月29日,东部战区-合肥-合肥一组,"5,695","5,560","5,295","3,314","1,623",697
2020年8月29日,东部战区-合肥-合肥二组,"1,370","1,349","1,280",799,416,696
2020年8月29日,东部战区-杭州-杭州一组,"7,142","6,878","6,510","4,029","1,872",702
2020年8月29日,东部战区-杭州-杭州三组,"1,773","1,738","1,690","1,017",614,701
2020年8月29日,东部战区-杭州-杭州二组,"4,603","4,494","4,359","2,502","1,403",694
2020年8月29日,北部战区-天津-天津一组,"1,281","1,269","1,233",679,449,685
2020年8月29日,北部战区-北京-北京一组,37,35,32,19,8,697
2020年8月29日,北部战区-北京-北京四组,"2,188","2,161","2,104","1,274",736,689
2020年8月29日,北部战区-北京-北京三组,"2,225","2,174","2,081","1,321",668,689
2020年8月29日,北部战区-北京-北京二组,207,204,195,121,79,696
2020年8月30日,西部战区-重庆-重庆一组,"2,133","2,102","2,043","1,310",719,691
2020年8月30日,西部战区-西安-西安一组,"2,969","2,920","2,830","1,732",979,692
2020年8月30日,西部战区-武汉-武汉一组,"4,883","4,768","4,579","2,878","1,484",699
2020年8月30日,西部战区-成都-成都一组,"2,845","2,773","2,675","1,720",949,691
2020年8月30日,西部战区-成都-成都二组,672,662,643,443,209,692
2020年8月30日,南部战区-深圳-深圳一组,"3,823","3,708","3,535","2,103","1,122",689
2020年8月30日,南部战区-广州-广州一组,"7,766","7,581","7,277","4,488","2,479",688
2020年8月30日,南部战区-广州-广州三组,"3,843","3,731","3,538","2,120","1,235",689
2020年8月30日,南部战区-广州-广州二组,"3,815","3,753","3,594","2,217","1,296",690
2020年8月30日,东部战区-苏州-苏州一组,"6,274","6,061","5,801","3,509","1,782",694
2020年8月30日,东部战区-苏州-苏州三组,450,439,412,241,149,691
2020年8月30日,东部战区-苏州-苏州二组,"7,361","7,068","6,722","3,898","2,126",696
2020年8月30日,东部战区-上海-上海一组,"5,465","5,313","5,111","3,087","1,714",694
2020年8月30日,东部战区-上海-上海三组,"2,925","2,858","2,747","1,612",968,696
2020年8月30日,东部战区-上海-上海二组,"2,633","2,591","2,487","1,493",808,691
2020年8月30日,东部战区-南京-南京一组,"3,131","3,068","2,975","1,697",986,696
2020年8月30日,东部战区-南京-南京四组,"2,105","2,042","1,946","1,120",651,696
2020年8月30日,东部战区-南京-南京三组,"2,844","2,795","2,686","1,622",805,697
2020年8月30日,东部战区-南京-南京二组,"2,660","2,575","2,460","1,526",744,697
2020年8月30日,东部战区-合肥-合肥一组,"5,963","5,822","5,552","3,482","1,715",697
2020年8月30日,东部战区-合肥-合肥二组,"1,475","1,446","1,374",875,445,696
2020年8月30日,东部战区-杭州-杭州一组,"6,059","5,828","5,518","3,422","1,629",703
2020年8月30日,东部战区-杭州-杭州三组,"1,773","1,738","1,690","1,017",614,701
2020年8月30日,东部战区-杭州-杭州二组,"5,515","5,374","5,197","2,966","1,660",694
2020年8月30日,北部战区-天津-天津一组,"1,211","1,199","1,162",662,443,685
2020年8月30日,北部战区-北京-北京一组,51,49,46,26,12,689
2020年8月30日,北部战区-北京-北京四组,"2,555","2,517","2,444","1,485",830,689
2020年8月30日,北部战区-北京-北京三组,"2,211","2,160","2,064","1,307",658,689
2020年8月30日,北部战区-北京-北京二组,207,204,195,121,79,696
2020年8月31日,西部战区-重庆-重庆一组,"2,583","2,540","2,470","1,542",855,690
2020年8月31日,西部战区-西安-西安一组,"3,717","3,652","3,534","2,135","1,196",691
2020年8月31日,西部战区-武汉-武汉一组,"4,940","4,827","4,636","2,993","1,495",701
2020年8月31日,西部战区-成都-成都一组,"2,281","2,226","2,147","1,395",803,692
2020年8月31日,西部战区-成都-成都二组,672,662,643,443,209,692
2020年8月31日,南部战区-深圳-深圳一组,"3,823","3,708","3,535","2,103","1,122",689
2020年8月31日,南部战区-广州-广州一组,"7,766","7,581","7,277","4,488","2,479",688
2020年8月31日,南部战区-广州-广州三组,"4,986","4,822","4,570","2,771","1,616",690
2020年8月31日,南部战区-广州-广州二组,"4,769","4,672","4,468","2,745","1,595",691
2020年8月31日,东部战区-苏州-苏州一组,"5,718","5,485","5,221","3,223","1,676",694
2020年8月31日,东部战区-苏州-苏州三组,244,235,210,106,59,692
2020年8月31日,东部战区-苏州-苏州二组,"7,899","7,576","7,176","4,159","2,242",696
2020年8月31日,东部战区-上海-上海一组,"5,112","4,939","4,740","2,854","1,618",695
2020年8月31日,东部战区-上海-上海三组,"3,281","3,198","3,076","1,800","1,083",696
2020年8月31日,东部战区-上海-上海二组,"2,962","2,914","2,790","1,680",892,690
2020年8月31日,东部战区-南京-南京一组,"3,214","3,143","3,032","1,771",993,698
2020年8月31日,东部战区-南京-南京四组,"2,105","2,042","1,946","1,120",651,696
2020年8月31日,东部战区-南京-南京三组,"2,743","2,693","2,590","1,580",775,697
2020年8月31日,东部战区-南京-南京二组,"2,483","2,393","2,291","1,406",732,698
2020年8月31日,东部战区-合肥-合肥一组,"6,216","6,065","5,780","3,615","1,774",696
2020年8月31日,东部战区-合肥-合肥二组,"1,237","1,221","1,162",735,371,697
2020年8月31日,东部战区-杭州-杭州一组,"4,213","4,050","3,834","2,400","1,171",702
2020年8月31日,东部战区-杭州-杭州三组,"1,773","1,738","1,690","1,017",614,701
2020年8月31日,东部战区-杭州-杭州二组,"5,393","5,252","5,078","2,906","1,628",694
2020年8月31日,北部战区-天津-天津一组,"1,744","1,716","1,649","1,002",579,690
2020年8月31日,北部战区-北京-北京一组,38,38,35,18,9,684
2020年8月31日,北部战区-北京-北京四组,"2,188","2,161","2,104","1,274",736,689
2020年8月31日,北部战区-北京-北京三组,"2,900","2,842","2,727","1,693",846,690
2020年8月31日,北部战区-北京-北京二组,207,204,195,121,79,696
